price,volume,time,timestamp,type,order_type,trade_id
102860.3,8.231e-05,2025-05-12 16:19:35,1747066775.128335,sell,market,82979160
102891.3,0.01545242,2025-05-12 16:19:35,1747066775.128335,sell,market,82979159
102860.2,0.03331741,2025-05-12 16:19:35,1747066775.128335,sell,market,82979161
102891.3,4.786e-05,2025-05-12 16:19:35,1747066775.128335,sell,market,82979156
102891.3,0.001,2025-05-12 16:19:35,1747066775.128335,sell,market,82979158
102891.3,0.0001,2025-05-12 16:19:35,1747066775.128335,sell,market,82979157
102860.3,0.00048353,2025-05-12 16:19:36,1747066776.9327478,buy,limit,82979162
102860.2,0.00367195,2025-05-12 16:19:37,1747066777.3726027,sell,market,82979163
102860.2,0.00010336,2025-05-12 16:19:38,1747066778.6507585,sell,limit,82979164
102888.5,9.576e-05,2025-05-12 16:19:44,1747066784.0380135,buy,limit,82979165
102888.5,0.00023712,2025-05-12 16:19:47,1747066787.6801825,buy,limit,82979166
102888.5,0.0004539,2025-05-12 16:19:49,1747066789.682924,buy,limit,82979167
102888.5,0.007,2025-05-12 16:19:49,1747066789.9252632,buy,market,82979168
102888.5,9.629e-05,2025-05-12 16:20:01,1747066801.8476822,buy,limit,82979169
102888.5,0.00096338,2025-05-12 16:20:02,1747066802.7015014,buy,market,82979170
102888.5,5e-05,2025-05-12 16:20:07,1747066807.7263634,buy,market,82979171
102888.5,0.0025,2025-05-12 16:20:19,1747066819.8665323,buy,market,82979172
102833.7,0.05,2025-05-12 16:20:24,1747066824.0492134,sell,market,82979182
102830.7,0.08171838,2025-05-12 16:20:24,1747066824.0492134,sell,market,82979183
102834.3,0.00204806,2025-05-12 16:20:24,1747066824.0492134,sell,market,82979181
102844.0,0.001,2025-05-12 16:20:24,1747066824.0492134,sell,market,82979179
102860.2,0.00194438,2025-05-12 16:20:24,1747066824.0492134,sell,market,82979178
102860.2,0.02974148,2025-05-12 16:20:24,1747066824.0492134,sell,market,82979177
102888.4,0.0001,2025-05-12 16:20:24,1747066824.0492134,sell,market,82979173
102834.4,7.674e-05,2025-05-12 16:20:24,1747066824.0492134,sell,market,82979180
102888.4,0.0001,2025-05-12 16:20:24,1747066824.0492134,sell,market,82979174
102888.4,0.001,2025-05-12 16:20:24,1747066824.0492134,sell,market,82979175
102888.4,5e-05,2025-05-12 16:20:24,1747066824.0492134,sell,market,82979176
102843.4,0.00023882,2025-05-12 16:20:24,1747066824.3364146,buy,limit,82979184
102843.4,0.00019446,2025-05-12 16:20:28,1747066828.2383304,buy,limit,82979185
102843.3,0.00027587,2025-05-12 16:20:28,1747066828.9535418,sell,market,82979188
102843.3,0.0001,2025-05-12 16:20:28,1747066828.9535418,sell,market,82979186
102843.3,0.0001,2025-05-12 16:20:28,1747066828.9535418,sell,market,82979187
102843.4,0.00012287,2025-05-12 16:20:42,1747066842.2092328,buy,market,82979189
102843.4,0.00540841,2025-05-12 16:20:53,1747066853.854062,buy,limit,82979190
102846.4,0.0002395,2025-05-12 16:20:56,1747066856.8488874,buy,limit,82979191
102846.4,0.00137492,2025-05-12 16:21:02,1747066862.6811256,buy,market,82979192
102846.4,5e-05,2025-05-12 16:21:07,1747066867.7120738,buy,market,82979193
102846.3,0.01993324,2025-05-12 16:21:08,1747066868.6973696,sell,limit,82979194
102846.4,0.00933558,2025-05-12 16:21:30,1747066890.8476992,buy,limit,82979195
102846.4,0.023,2025-05-12 16:21:30,1747066890.8476992,buy,limit,82979196
102846.4,0.019,2025-05-12 16:21:30,1747066890.8476992,buy,limit,82979197
102846.4,0.00695607,2025-05-12 16:21:30,1747066890.8476992,buy,limit,82979198
102846.4,0.09721961,2025-05-12 16:21:31,1747066891.9363618,buy,limit,82979199
102846.4,2.264e-05,2025-05-12 16:21:39,1747066899.3655362,buy,limit,82979200
102846.4,0.01925201,2025-05-12 16:21:39,1747066899.4366508,buy,market,82979201
102846.4,0.00033528,2025-05-12 16:21:42,1747066902.5906427,buy,limit,82979202
102846.4,0.001,2025-05-12 16:21:43,1747066903.2080874,buy,market,82979203
102846.4,0.002136,2025-05-12 16:21:43,1747066903.7695875,buy,market,82979204
102846.4,0.00047464,2025-05-12 16:21:44,1747066904.8657196,buy,limit,82979205
102846.4,0.03,2025-05-12 16:21:44,1747066904.9389453,buy,market,82979206
102846.4,0.0414985,2025-05-12 16:21:56,1747066916.130046,buy,market,82979207
102846.4,0.00024825,2025-05-12 16:21:56,1747066916.480468,buy,limit,82979208
102846.3,0.002102,2025-05-12 16:21:57,1747066917.3521109,sell,market,82979209
102846.4,0.00188823,2025-05-12 16:22:03,1747066923.2573202,buy,market,82979210
102846.4,5e-05,2025-05-12 16:22:07,1747066927.6964324,buy,market,82979211
102846.3,0.0001,2025-05-12 16:22:33,1747066953.9483407,sell,market,82979212
102846.3,0.0001,2025-05-12 16:22:33,1747066953.9483407,sell,market,82979213
102846.3,0.001,2025-05-12 16:22:33,1747066953.9483407,sell,market,82979214
102846.3,0.00123081,2025-05-12 16:22:33,1747066953.9483407,sell,market,82979215
102846.4,0.00028739,2025-05-12 16:22:34,1747066954.0357826,buy,limit,82979216
102846.4,0.0048379,2025-05-12 16:22:36,1747066956.1277864,buy,limit,82979217
102846.4,0.25,2025-05-12 16:22:43,1747066963.2248614,buy,market,82979218
102846.4,0.00131,2025-05-12 16:22:44,1747066964.764685,buy,market,82979219
102846.4,0.00062946,2025-05-12 16:22:46,1747066966.9495473,buy,limit,82979220
102846.4,0.0657328,2025-05-12 16:22:47,1747066967.7309537,buy,market,82979221
102856.4,6.046e-05,2025-05-12 16:22:49,1747066969.099679,sell,limit,82979222
102856.4,0.00070523,2025-05-12 16:22:49,1747066969.099679,sell,limit,82979223
102856.4,0.01651793,2025-05-12 16:22:49,1747066969.099679,sell,limit,82979224
102856.5,0.00022067,2025-05-12 16:23:01,1747066981.2336988,buy,market,82979225
102891.3,0.00026535,2025-05-12 16:23:01,1747066981.2336988,buy,market,82979226
102891.2,0.02070305,2025-05-12 16:23:01,1747066981.7524574,sell,market,82979227
102891.2,0.00482369,2025-05-12 16:23:01,1747066981.7524574,sell,market,82979228
102891.2,0.00129821,2025-05-12 16:23:01,1747066981.7524574,sell,market,82979229
102891.2,0.00126044,2025-05-12 16:23:01,1747066981.7524574,sell,market,82979230
102891.2,0.00128515,2025-05-12 16:23:01,1747066981.7524574,sell,market,82979231
102891.3,0.00010413,2025-05-12 16:23:01,1747066981.8132625,buy,market,82979232
102891.4,0.00085783,2025-05-12 16:23:01,1747066981.8132625,buy,market,82979233
102891.3,0.00128713,2025-05-12 16:23:02,1747066982.6867204,sell,limit,82979234
102891.4,0.00241345,2025-05-12 16:23:07,1747066987.4854581,buy,market,82979235
102891.4,0.00076495,2025-05-12 16:23:07,1747066987.4854581,buy,market,82979236
102891.4,5e-05,2025-05-12 16:23:07,1747066987.7389522,buy,market,82979237
102891.4,0.00090608,2025-05-12 16:23:09,1747066989.7575247,buy,limit,82979238
102891.4,0.00236897,2025-05-12 16:23:10,1747066990.151065,buy,market,82979239
102891.4,0.00042,2025-05-12 16:23:10,1747066990.151065,buy,market,82979240
102891.4,0.00192,2025-05-12 16:23:10,1747066990.151065,buy,market,82979241
102891.4,0.00086,2025-05-12 16:23:10,1747066990.151065,buy,market,82979242
102891.4,0.00323,2025-05-12 16:23:10,1747066990.151065,buy,market,82979243
102896.1,0.00027014,2025-05-12 16:23:10,1747066990.151065,buy,market,82979244
102897.2,0.0001,2025-05-12 16:23:10,1747066990.151065,buy,market,82979245
102898.9,0.0054325,2025-05-12 16:23:10,1747066990.151065,buy,market,82979246
102898.9,0.00041228,2025-05-12 16:23:13,1747066993.5696092,buy,limit,82979247
102898.9,0.00349409,2025-05-12 16:23:18,1747066998.720356,buy,market,82979248
102912.5,0.00622418,2025-05-12 16:23:18,1747066998.720356,buy,market,82979249
102912.4,0.00310152,2025-05-12 16:23:25,1747067005.525327,sell,limit,82979250
102912.5,0.00145359,2025-05-12 16:23:34,1747067014.0131621,buy,market,82979251
102912.5,0.0006594,2025-05-12 16:23:48,1747067028.5716841,buy,limit,82979252
102920.0,0.00306813,2025-05-12 16:23:48,1747067028.5716841,buy,limit,82979253
102920.0,0.001896,2025-05-12 16:23:51,1747067031.4131002,buy,limit,82979254
102920.0,0.00227859,2025-05-12 16:23:52,1747067032.3853602,buy,limit,82979255
102920.0,0.04739651,2025-05-12 16:23:53,1747067033.0833015,buy,limit,82979256
102920.0,9.48e-06,2025-05-12 16:23:59,1747067039.9267347,buy,limit,82979257
102919.9,5.027e-05,2025-05-12 16:24:00,1747067040.8882174,sell,limit,82979258
102920.0,0.00852923,2025-05-12 16:24:02,1747067042.9164944,buy,market,82979259
102943.4,0.01147077,2025-05-12 16:24:02,1747067042.9164944,buy,market,82979260
102943.4,5e-05,2025-05-12 16:24:07,1747067047.6888328,buy,market,82979261
102943.4,0.06837892,2025-05-12 16:24:07,1747067047.7592134,buy,limit,82979262
102943.4,1.0,2025-05-12 16:24:09,1747067049.9973903,buy,market,82979263
102943.4,0.0002838,2025-05-12 16:24:11,1747067051.1074836,buy,limit,82979264
102943.4,0.000164,2025-05-12 16:24:11,1747067051.6216574,buy,market,82979265
102943.4,0.29142228,2025-05-12 16:24:19,1747067059.1355882,buy,market,82979266
102943.8,0.00050154,2025-05-12 16:24:30,1747067070.3402267,buy,market,82979267
102943.8,0.04608266,2025-05-12 16:24:37,1747067077.8073514,buy,limit,82979268
102943.7,0.00014614,2025-05-12 16:24:45,1747067085.622273,sell,limit,82979269
102943.7,0.00047535,2025-05-12 16:24:50,1747067090.1637256,sell,limit,82979270
102943.7,0.0015287,2025-05-12 16:24:52,1747067092.3819675,sell,limit,82979271
102943.7,0.0001,2025-05-12 16:24:52,1747067092.3819675,sell,limit,82979272
102943.7,0.0001,2025-05-12 16:24:52,1747067092.3819675,sell,limit,82979273
102943.7,0.00022643,2025-05-12 16:24:52,1747067092.3819675,sell,limit,82979274
102943.8,0.01615994,2025-05-12 16:24:58,1747067098.4885256,buy,market,82979275
102943.8,1.21084006,2025-05-12 16:24:58,1747067098.4885256,buy,market,82979276
102943.8,0.00023926,2025-05-12 16:24:58,1747067098.6159754,buy,limit,82979277
102943.8,0.0344,2025-05-12 16:25:06,1747067106.0278394,buy,market,82979278
102943.8,5e-05,2025-05-12 16:25:07,1747067107.7544913,buy,market,82979279
102943.7,0.0001,2025-05-12 16:25:11,1747067111.7544222,sell,limit,82979280
102943.7,0.0001,2025-05-12 16:25:11,1747067111.7544222,sell,limit,82979281
102943.7,0.001,2025-05-12 16:25:11,1747067111.7544222,sell,limit,82979282
102943.4,0.000242,2025-05-12 16:25:13,1747067113.4918227,buy,market,82979283
102943.4,0.00971408,2025-05-12 16:25:29,1747067129.2122219,buy,market,82979284
102943.3,3.4e-05,2025-05-12 16:25:34,1747067134.345866,sell,market,82979285
102943.4,0.00014806,2025-05-12 16:25:35,1747067135.5453901,buy,limit,82979286
102943.3,0.02974586,2025-05-12 16:25:37,1747067137.0849707,sell,market,82979287
102943.4,0.00042239,2025-05-12 16:25:37,1747067137.2759366,buy,limit,82979288
102943.4,0.00091651,2025-05-12 16:25:49,1747067149.9379,buy,limit,82979289
102943.4,0.00095705,2025-05-12 16:25:53,1747067153.0376234,buy,limit,82979290
102943.4,0.00100727,2025-05-12 16:26:00,1747067160.3030703,buy,limit,82979291
102943.3,7.266e-05,2025-05-12 16:26:00,1747067160.531024,sell,limit,82979292
102943.4,5e-05,2025-05-12 16:26:07,1747067167.7529852,buy,market,82979293
102943.4,0.15,2025-05-12 16:26:13,1747067173.0518494,buy,market,82979294
102943.4,2.758e-05,2025-05-12 16:26:17,1747067177.3080661,buy,limit,82979295
102943.4,9.571e-05,2025-05-12 16:26:22,1747067182.0379536,buy,limit,82979296
102943.4,2.078e-05,2025-05-12 16:26:36,1747067196.1161392,buy,limit,82979297
102943.3,0.00258245,2025-05-12 16:26:50,1747067210.9053652,sell,limit,82979298
102943.4,5e-05,2025-05-12 16:27:07,1747067227.6809063,buy,market,82979299
102943.3,0.00174958,2025-05-12 16:27:10,1747067230.5818675,sell,market,82979300
102948.9,0.00933433,2025-05-12 16:27:15,1747067235.5368288,buy,market,82979303
102979.3,0.00880793,2025-05-12 16:27:15,1747067235.5368288,buy,market,82979305
102945.7,5.5e-05,2025-05-12 16:27:15,1747067235.5368288,buy,market,82979302
102943.4,0.0340802,2025-05-12 16:27:15,1747067235.5368288,buy,market,82979301
102964.3,0.0146,2025-05-12 16:27:15,1747067235.5368288,buy,market,82979304
102992.4,0.0097,2025-05-12 16:27:15,1747067235.536829,buy,market,82979307
102979.3,0.00174135,2025-05-12 16:27:15,1747067235.536829,buy,market,82979306
103003.6,9.713e-05,2025-05-12 16:27:15,1747067235.536829,buy,market,82979311
102998.9,0.0093298,2025-05-12 16:27:15,1747067235.536829,buy,market,82979310
103004.5,0.10229656,2025-05-12 16:27:15,1747067235.536829,buy,market,82979313
103003.7,2.4270987,2025-05-12 16:27:15,1747067235.536829,buy,market,82979312
102998.0,0.135,2025-05-12 16:27:15,1747067235.536829,buy,market,82979309
102997.8,0.247859,2025-05-12 16:27:15,1747067235.536829,buy,market,82979308
102997.9,0.0001,2025-05-12 16:27:25,1747067245.719661,sell,market,82979315
102997.9,0.00144927,2025-05-12 16:27:25,1747067245.719661,sell,market,82979314
102997.9,0.001,2025-05-12 16:27:25,1747067245.719661,sell,market,82979316
102997.9,0.0001,2025-05-12 16:27:25,1747067245.719661,sell,market,82979317
102989.8,0.00599829,2025-05-12 16:27:25,1747067245.719661,sell,market,82979318
102989.9,0.00079912,2025-05-12 16:27:31,1747067251.494215,buy,market,82979319
102989.9,0.00075221,2025-05-12 16:27:33,1747067253.0881267,buy,limit,82979320
102989.9,0.020624,2025-05-12 16:27:34,1747067254.3578682,buy,market,82979321
102989.9,2.842e-05,2025-05-12 16:27:35,1747067255.8278856,buy,limit,82979322
102989.9,0.00048548,2025-05-12 16:27:44,1747067264.6878214,buy,market,82979323
102989.8,0.0001,2025-05-12 16:27:50,1747067270.1817,sell,limit,82979324
102989.8,0.0001,2025-05-12 16:27:50,1747067270.1817,sell,limit,82979325
102989.8,1.5e-05,2025-05-12 16:27:50,1747067270.1817,sell,limit,82979326
102992.4,5e-05,2025-05-12 16:28:08,1747067288.146909,buy,market,82979327
102992.4,0.00083207,2025-05-12 16:28:09,1747067289.042332,buy,limit,82979328
102992.3,0.001,2025-05-12 16:28:12,1747067292.246567,sell,limit,82979331
102992.3,0.0001,2025-05-12 16:28:12,1747067292.246567,sell,limit,82979329
102992.3,0.0001,2025-05-12 16:28:12,1747067292.246567,sell,limit,82979330
102978.2,0.04753387,2025-05-12 16:28:12,1747067292.246567,sell,limit,82979332
102976.5,0.00128713,2025-05-12 16:28:15,1747067295.7037342,sell,limit,82979333
102976.6,0.018,2025-05-12 16:28:19,1747067299.11906,buy,market,82979337
102976.6,0.135,2025-05-12 16:28:19,1747067299.11906,buy,market,82979336
102976.6,0.88911759,2025-05-12 16:28:19,1747067299.11906,buy,market,82979339
102976.6,0.0153,2025-05-12 16:28:19,1747067299.11906,buy,market,82979338
102976.6,9.711e-05,2025-05-12 16:28:19,1747067299.11906,buy,market,82979335
102976.6,1.9424853,2025-05-12 16:28:19,1747067299.11906,buy,market,82979334
102976.6,0.01908492,2025-05-12 16:28:23,1747067303.666396,buy,limit,82979340
102992.3,0.00099964,2025-05-12 16:28:32,1747067312.1847904,sell,limit,82979341
102992.4,0.00840079,2025-05-12 16:28:48,1747067328.4915981,buy,market,82979342
102992.4,0.00041714,2025-05-12 16:28:51,1747067331.7267733,buy,market,82979343
103011.7,0.00070286,2025-05-12 16:28:51,1747067331.7267733,buy,market,82979345
102992.4,0.00088,2025-05-12 16:28:51,1747067331.7267733,buy,market,82979344
103011.7,0.00023,2025-05-12 16:28:51,1747067331.9937427,buy,market,82979346
103011.6,6.019e-05,2025-05-12 16:28:55,1747067335.7602224,sell,limit,82979347
103011.6,0.00489031,2025-05-12 16:28:55,1747067335.7602224,sell,limit,82979348
103011.7,6.714e-05,2025-05-12 16:29:03,1747067343.7420805,buy,limit,82979349
103011.7,0.00012364,2025-05-12 16:29:03,1747067343.7420805,buy,limit,82979350
103011.6,0.0001,2025-05-12 16:29:04,1747067344.409565,sell,limit,82979351
103011.6,0.0001,2025-05-12 16:29:04,1747067344.409565,sell,limit,82979352
103011.6,0.001,2025-05-12 16:29:04,1747067344.409565,sell,limit,82979353
102992.4,0.00676027,2025-05-12 16:29:04,1747067344.409565,sell,limit,82979354
102992.5,0.01839443,2025-05-12 16:29:06,1747067346.344742,buy,market,82979355
102992.5,5e-05,2025-05-12 16:29:08,1747067348.1394188,buy,market,82979356
102992.5,0.00075989,2025-05-12 16:29:13,1747067353.410198,buy,limit,82979357
102992.5,0.02210932,2025-05-12 16:29:25,1747067365.292801,buy,limit,82979358
102994.8,0.00056789,2025-05-12 16:29:35,1747067375.566245,sell,market,82979359
102993.6,0.135,2025-05-12 16:29:40,1747067380.0558767,sell,limit,82979364
102994.8,0.0001,2025-05-12 16:29:40,1747067380.0558767,sell,limit,82979361
102994.8,0.001,2025-05-12 16:29:40,1747067380.0558767,sell,limit,82979362
102994.8,0.0001,2025-05-12 16:29:40,1747067380.0558767,sell,limit,82979363
102994.8,0.02821348,2025-05-12 16:29:40,1747067380.0558767,sell,limit,82979360
102992.4,0.00676,2025-05-12 16:29:40,1747067380.055877,sell,limit,82979366
102992.4,0.00293973,2025-05-12 16:29:40,1747067380.055877,sell,limit,82979365
102992.1,0.07437209,2025-05-12 16:29:40,1747067380.055877,sell,limit,82979367
103005.6,0.00195,2025-05-12 16:29:44,1747067384.5203717,sell,limit,82979368
103005.7,0.00045344,2025-05-12 16:29:48,1747067388.7507818,buy,limit,82979369
103005.7,9.565e-05,2025-05-12 16:29:49,1747067389.040815,buy,limit,82979370
103005.7,0.00094714,2025-05-12 16:30:02,1747067402.2426953,buy,limit,82979371
103005.7,0.00307983,2025-05-12 16:30:03,1747067403.7364793,buy,market,82979372
103005.7,1.256e-05,2025-05-12 16:30:07,1747067407.208187,buy,limit,82979373
103005.7,5e-05,2025-05-12 16:30:07,1747067407.6811018,buy,market,82979374
103005.7,0.00027374,2025-05-12 16:30:16,1747067416.9137018,buy,limit,82979375
103005.7,0.08911157,2025-05-12 16:30:21,1747067421.0104904,buy,market,82979376
103005.7,0.00115919,2025-05-12 16:30:28,1747067428.9713511,buy,limit,82979377
103005.7,0.16248123,2025-05-12 16:30:32,1747067432.894141,buy,market,82979378
103005.7,9.709e-05,2025-05-12 16:30:32,1747067432.894141,buy,market,82979379
103005.7,0.03158569,2025-05-12 16:30:32,1747067432.894141,buy,market,82979380
103005.7,0.00025319,2025-05-12 16:30:33,1747067433.0100253,buy,market,82979381
103005.7,0.00055014,2025-05-12 16:30:40,1747067440.308063,buy,limit,82979382
103005.7,0.00072044,2025-05-12 16:30:43,1747067443.350401,buy,market,82979383
103005.6,0.001,2025-05-12 16:30:43,1747067443.7783384,sell,market,82979384
103005.6,9.65e-06,2025-05-12 16:30:43,1747067443.7783384,sell,market,82979385
103005.6,0.0001,2025-05-12 16:30:57,1747067457.7367792,sell,market,82979387
103005.6,0.001,2025-05-12 16:30:57,1747067457.7367792,sell,market,82979388
102979.4,7.265e-05,2025-05-12 16:30:57,1747067457.7367792,sell,market,82979391
102992.4,0.0097,2025-05-12 16:30:57,1747067457.7367792,sell,market,82979390
102979.3,0.01315751,2025-05-12 16:30:57,1747067457.7367792,sell,market,82979392
103000.0,0.00037747,2025-05-12 16:30:57,1747067457.7367792,sell,market,82979389
103005.6,9.035e-05,2025-05-12 16:30:57,1747067457.7367792,sell,market,82979386
102979.4,0.0004534,2025-05-12 16:30:58,1747067458.0058408,buy,limit,82979393
102979.4,0.00048312,2025-05-12 16:31:03,1747067463.7604184,buy,limit,82979394
102979.4,5e-05,2025-05-12 16:31:08,1747067468.0849643,buy,market,82979395
102979.3,4.996e-05,2025-05-12 16:31:08,1747067468.9688342,sell,limit,82979396
102979.3,5.004e-05,2025-05-12 16:31:15,1747067475.7264543,sell,limit,82979397
102979.3,0.0001,2025-05-12 16:31:15,1747067475.7264545,sell,limit,82979398
102979.3,0.09799371,2025-05-12 16:31:15,1747067475.7264545,sell,limit,82979400
102979.3,0.001,2025-05-12 16:31:15,1747067475.7264545,sell,limit,82979399
102979.4,0.00018948,2025-05-12 16:31:15,1747067475.73428,buy,limit,82979401
102979.4,0.00484899,2025-05-12 16:31:16,1747067476.4941916,buy,limit,82979402
102979.4,5.869e-05,2025-05-12 16:31:20,1747067480.0348299,buy,market,82979403
102979.3,0.00581129,2025-05-12 16:31:20,1747067480.8762116,sell,limit,82979404
102979.4,0.00063928,2025-05-12 16:31:21,1747067481.1682522,buy,limit,82979405
102979.4,0.01908733,2025-05-12 16:31:26,1747067486.2598987,buy,limit,82979406
102979.4,0.00094738,2025-05-12 16:31:26,1747067486.6338081,buy,limit,82979407
102979.4,0.00207,2025-05-12 16:31:34,1747067494.2158945,buy,market,82979408
102979.4,0.00418784,2025-05-12 16:31:37,1747067497.0114284,buy,market,82979409
102979.4,0.01913434,2025-05-12 16:31:37,1747067497.9644063,buy,limit,82979410
102979.4,0.00045351,2025-05-12 16:31:39,1747067499.8296688,buy,limit,82979411
102979.4,9.47e-06,2025-05-12 16:31:43,1747067503.4760928,buy,limit,82979412
102979.4,0.00024433,2025-05-12 16:31:55,1747067515.104805,buy,limit,82979413
102989.6,0.00053483,2025-05-12 16:32:01,1747067521.4477696,buy,market,82979414
102992.4,0.00034781,2025-05-12 16:32:01,1747067521.4477696,buy,market,82979415
102992.4,0.00203,2025-05-12 16:32:01,1747067521.6550164,buy,market,82979416
102992.4,0.00189477,2025-05-12 16:32:02,1747067522.1496706,buy,limit,82979417
102992.4,0.00542742,2025-05-12 16:32:06,1747067526.1724963,buy,limit,82979418
102992.4,4.017e-05,2025-05-12 16:32:06,1747067526.1724963,buy,limit,82979419
102992.4,5e-05,2025-05-12 16:32:07,1747067527.6707141,buy,market,82979420
102992.3,0.0001,2025-05-12 16:32:10,1747067530.8730817,sell,limit,82979422
102992.3,0.00958133,2025-05-12 16:32:10,1747067530.8730817,sell,limit,82979424
102992.3,0.001,2025-05-12 16:32:10,1747067530.8730817,sell,limit,82979423
102992.3,0.0001,2025-05-12 16:32:10,1747067530.8730817,sell,limit,82979421
102992.3,0.01090536,2025-05-12 16:32:11,1747067531.6718292,sell,limit,82979425
102992.4,0.00417983,2025-05-12 16:32:12,1747067532.3689451,buy,limit,82979426
102992.4,0.09053432,2025-05-12 16:32:12,1747067532.3689454,buy,limit,82979427
102992.4,0.00461,2025-05-12 16:32:20,1747067540.3662221,buy,market,82979428
102992.4,0.41448,2025-05-12 16:32:20,1747067540.3662221,buy,market,82979430
102992.4,0.00091,2025-05-12 16:32:20,1747067540.3662221,buy,market,82979429
102992.3,0.002037,2025-05-12 16:32:27,1747067547.785276,sell,market,82979431
102992.3,0.01000196,2025-05-12 16:32:29,1747067549.6561046,sell,limit,82979432
102992.4,0.00018945,2025-05-12 16:32:30,1747067550.9443018,buy,limit,82979433
102992.4,0.00287003,2025-05-12 16:32:46,1747067566.3572836,buy,limit,82979434
102992.3,0.0001,2025-05-12 16:32:53,1747067573.220905,sell,limit,82979435
102992.3,0.0062555,2025-05-12 16:32:53,1747067573.2555192,sell,market,82979439
102992.3,0.0001,2025-05-12 16:32:53,1747067573.2555192,sell,market,82979438
102992.3,0.0001,2025-05-12 16:32:53,1747067573.2555192,sell,market,82979437
102992.3,0.01592166,2025-05-12 16:32:53,1747067573.2555192,sell,market,82979436
102992.4,0.00072219,2025-05-12 16:32:55,1747067575.5870326,buy,market,82979440
102992.4,0.00014349,2025-05-12 16:32:58,1747067578.3814845,buy,limit,82979441
102992.4,0.00025484,2025-05-12 16:33:00,1747067580.607832,buy,limit,82979442
102992.4,0.00552,2025-05-12 16:33:00,1747067580.607832,buy,limit,82979443
102992.4,0.00803363,2025-05-12 16:33:00,1747067580.607832,buy,limit,82979444
102992.4,0.0040349,2025-05-12 16:33:01,1747067581.3125951,buy,market,82979445
102992.4,0.00017998,2025-05-12 16:33:02,1747067582.383489,buy,limit,82979446
102992.4,0.00194189,2025-05-12 16:33:04,1747067584.6457112,buy,market,82979447
102992.3,0.0001,2025-05-12 16:33:05,1747067585.6803546,sell,market,82979451
102992.3,0.0001,2025-05-12 16:33:05,1747067585.6803546,sell,market,82979450
102992.3,0.001,2025-05-12 16:33:05,1747067585.6803546,sell,market,82979449
102992.3,0.00345396,2025-05-12 16:33:05,1747067585.6803546,sell,market,82979448
102991.1,0.00052701,2025-05-12 16:33:05,1747067585.6803546,sell,market,82979452
102970.1,9.711e-05,2025-05-12 16:33:05,1747067585.6803548,sell,market,82979454
102979.3,0.0006409,2025-05-12 16:33:05,1747067585.6803548,sell,market,82979453
102970.0,0.04348385,2025-05-12 16:33:05,1747067585.6803548,sell,market,82979455
102979.8,5e-05,2025-05-12 16:33:07,1747067587.6841195,buy,market,82979456
102979.8,0.00094726,2025-05-12 16:33:08,1747067588.9652565,buy,limit,82979457
102979.8,0.00101399,2025-05-12 16:33:12,1747067592.3768144,buy,market,82979458
102992.4,0.00018,2025-05-12 16:33:19,1747067599.8656158,buy,limit,82979459
102992.4,0.00038,2025-05-12 16:33:19,1747067599.8656158,buy,limit,82979460
102992.4,0.00066542,2025-05-12 16:33:19,1747067599.8656158,buy,limit,82979461
102996.0,0.19455757,2025-05-12 16:33:22,1747067602.9430869,buy,market,82979469
102995.9,9.71e-05,2025-05-12 16:33:22,1747067602.9430869,buy,market,82979468
102992.4,0.00182458,2025-05-12 16:33:22,1747067602.9430869,buy,market,82979462
102992.4,0.00073,2025-05-12 16:33:22,1747067602.9430869,buy,market,82979463
102992.4,0.00578,2025-05-12 16:33:22,1747067602.9430869,buy,market,82979465
102992.4,0.00014,2025-05-12 16:33:22,1747067602.9430869,buy,market,82979464
102992.4,0.00122,2025-05-12 16:33:22,1747067602.9430869,buy,market,82979466
102992.5,0.016,2025-05-12 16:33:22,1747067602.9430869,buy,market,82979467
102995.6,0.00013753,2025-05-12 16:33:25,1747067605.0900955,buy,market,82979470
102995.5,0.0493969,2025-05-12 16:33:25,1747067605.4118295,sell,limit,82979471
102995.5,0.0001,2025-05-12 16:33:27,1747067607.4464612,sell,limit,82979472
102995.5,0.0001,2025-05-12 16:33:27,1747067607.4464612,sell,limit,82979473
102995.5,0.001,2025-05-12 16:33:27,1747067607.4464614,sell,limit,82979474
102992.7,0.02488795,2025-05-12 16:33:27,1747067607.4464614,sell,limit,82979475
102992.5,9.881e-05,2025-05-12 16:33:28,1747067608.2253547,buy,limit,82979476
102995.0,0.00045499,2025-05-12 16:33:38,1747067618.378764,buy,limit,82979477
102995.0,0.00032109,2025-05-12 16:33:38,1747067618.6444924,buy,limit,82979478
102995.0,3.932e-05,2025-05-12 16:33:48,1747067628.0373034,buy,limit,82979479
102995.0,0.00059023,2025-05-12 16:33:51,1747067631.9763145,buy,limit,82979480
102992.4,0.00376049,2025-05-12 16:33:54,1747067634.6772432,sell,limit,82979484
102994.9,0.0001,2025-05-12 16:33:54,1747067634.6772432,sell,limit,82979481
102994.9,0.001,2025-05-12 16:33:54,1747067634.6772432,sell,limit,82979483
102994.9,0.0001,2025-05-12 16:33:54,1747067634.6772432,sell,limit,82979482
102992.5,9.777e-05,2025-05-12 16:34:00,1747067640.5575988,buy,market,82979485
102992.5,5e-05,2025-05-12 16:34:07,1747067647.6728516,buy,market,82979486
102992.4,0.00045267,2025-05-12 16:34:13,1747067653.221705,sell,limit,82979487
102992.5,0.00970944,2025-05-12 16:34:15,1747067655.8635855,buy,market,82979488
102992.5,0.02028839,2025-05-12 16:34:24,1747067664.9792695,buy,limit,82979489
102992.5,0.01686911,2025-05-12 16:34:29,1747067669.8025477,buy,market,82979490
102992.5,0.00226272,2025-05-12 16:34:31,1747067671.6850493,buy,market,82979491
102992.4,0.0037703,2025-05-12 16:34:35,1747067675.156167,sell,limit,82979492
102992.5,0.00143489,2025-05-12 16:34:37,1747067677.8571506,buy,limit,82979493
102992.5,0.00071568,2025-05-12 16:34:39,1747067679.972756,buy,limit,82979494
102992.4,0.00018,2025-05-12 16:34:40,1747067680.4567726,sell,limit,82979495
102992.4,5e-05,2025-05-12 16:34:40,1747067680.5977154,sell,market,82979496
102992.4,9.711e-05,2025-05-12 16:34:41,1747067681.2751036,sell,limit,82979497
102992.4,9.711e-05,2025-05-12 16:34:41,1747067681.4767852,sell,limit,82979498
102992.4,9.711e-05,2025-05-12 16:34:41,1747067681.6772056,sell,limit,82979499
102992.4,9.711e-05,2025-05-12 16:34:41,1747067681.982441,sell,limit,82979500
102992.4,9.711e-05,2025-05-12 16:34:42,1747067682.1839924,sell,limit,82979501
102992.4,9.711e-05,2025-05-12 16:34:42,1747067682.6167626,sell,limit,82979502
102992.4,0.00090388,2025-05-12 16:34:42,1747067682.6191733,sell,limit,82979503
102992.4,0.00045,2025-05-12 16:34:42,1747067682.6191733,sell,limit,82979508
102992.4,0.00377,2025-05-12 16:34:42,1747067682.6191733,sell,limit,82979509
102992.4,0.0001,2025-05-12 16:34:42,1747067682.6191733,sell,limit,82979505
102992.4,0.0001,2025-05-12 16:34:42,1747067682.6191733,sell,limit,82979504
102992.4,0.001,2025-05-12 16:34:42,1747067682.6191733,sell,limit,82979507
102992.4,0.00376,2025-05-12 16:34:42,1747067682.6191733,sell,limit,82979506
102970.0,0.0018114,2025-05-12 16:34:45,1747067685.987759,sell,limit,82979510
102970.0,9.712e-05,2025-05-12 16:34:47,1747067687.210266,sell,limit,82979511
102970.0,9.712e-05,2025-05-12 16:34:47,1747067687.4801953,sell,limit,82979512
102970.0,9.712e-05,2025-05-12 16:34:47,1747067687.6884363,sell,limit,82979513
102970.1,0.00043527,2025-05-12 16:34:47,1747067687.7191105,buy,limit,82979514
102970.0,0.0001,2025-05-12 16:34:47,1747067687.8737283,sell,limit,82979517
102970.0,0.0001,2025-05-12 16:34:47,1747067687.8737283,sell,limit,82979516
102970.0,0.00099501,2025-05-12 16:34:47,1747067687.8737283,sell,limit,82979518
102970.0,0.25660499,2025-05-12 16:34:47,1747067687.8737283,sell,limit,82979515
102970.0,4.99e-06,2025-05-12 16:34:47,1747067687.8739548,sell,limit,82979519
102943.4,0.00114904,2025-05-12 16:34:58,1747067698.0027707,buy,limit,82979520
102943.3,0.00506297,2025-05-12 16:34:59,1747067699.0339625,sell,limit,82979521
102943.4,2.035e-05,2025-05-12 16:35:00,1747067700.058048,buy,limit,82979522
102943.4,0.00018007,2025-05-12 16:35:00,1747067700.2379506,buy,limit,82979523
102943.4,1.592e-05,2025-05-12 16:35:03,1747067703.108895,buy,limit,82979524
102943.4,0.00455575,2025-05-12 16:35:04,1747067704.1408088,buy,limit,82979525
102943.4,0.00536471,2025-05-12 16:35:04,1747067704.6911182,buy,market,82979526
102943.4,0.00018954,2025-05-12 16:35:05,1747067705.5048492,buy,limit,82979527
102943.4,0.19855799,2025-05-12 16:35:08,1747067708.0192235,buy,market,82979528
102943.3,5e-05,2025-05-12 16:35:11,1747067711.5842862,sell,market,82979530
102943.3,0.00958567,2025-05-12 16:35:11,1747067711.5842862,sell,market,82979529
102943.3,0.038625,2025-05-12 16:35:11,1747067711.5842862,sell,market,82979531
102943.3,9.717e-05,2025-05-12 16:35:12,1747067712.5775166,sell,limit,82979532
102943.3,9.717e-05,2025-05-12 16:35:12,1747067712.787216,sell,limit,82979533
102943.3,9.717e-05,2025-05-12 16:35:13,1747067713.0397484,sell,limit,82979534
102943.3,9.717e-05,2025-05-12 16:35:13,1747067713.6074202,sell,limit,82979535
102943.4,0.0006634,2025-05-12 16:35:13,1747067713.6237733,buy,limit,82979536
102943.3,0.0050947,2025-05-12 16:35:16,1747067716.312674,sell,limit,82979537
102943.3,3.3e-05,2025-05-12 16:35:16,1747067716.6229916,sell,market,82979538
102943.3,9.717e-05,2025-05-12 16:35:19,1747067719.573299,sell,limit,82979539
102943.4,0.09547003,2025-05-12 16:35:20,1747067720.07477,buy,limit,82979540
102943.3,9.717e-05,2025-05-12 16:35:20,1747067720.2938092,sell,limit,82979541
102943.3,0.0033,2025-05-12 16:35:20,1747067720.679801,sell,limit,82979542
102943.3,0.0001,2025-05-12 16:35:20,1747067720.6799247,sell,limit,82979545
102943.3,0.05889,2025-05-12 16:35:20,1747067720.6799247,sell,limit,82979543
102943.3,0.0025,2025-05-12 16:35:20,1747067720.6799247,sell,limit,82979544
102943.3,0.00801,2025-05-12 16:35:20,1747067720.6799247,sell,limit,82979548
102943.3,0.0001,2025-05-12 16:35:20,1747067720.6799247,sell,limit,82979546
102943.3,0.001,2025-05-12 16:35:20,1747067720.6799247,sell,limit,82979547
102943.3,0.0047783,2025-05-12 16:35:20,1747067720.6802118,sell,limit,82979549
102941.0,0.0009,2025-05-12 16:35:20,1747067720.6924055,sell,limit,82979550
102941.0,7.143e-05,2025-05-12 16:35:20,1747067720.6925592,sell,limit,82979551
102900.0,0.00145711,2025-05-12 16:35:21,1747067721.1355588,buy,limit,82979552
102900.0,0.02728748,2025-05-12 16:35:21,1747067721.51453,buy,limit,82979553
102900.0,0.05045495,2025-05-12 16:35:21,1747067721.664467,buy,limit,82979554
102900.0,0.0005503,2025-05-12 16:35:22,1747067722.8447692,buy,limit,82979555
102900.0,0.00121477,2025-05-12 16:35:23,1747067723.6540942,buy,market,82979556
102900.0,0.00844702,2025-05-12 16:35:26,1747067726.6172023,buy,market,82979557
102900.0,9.571e-05,2025-05-12 16:35:32,1747067732.5270789,buy,limit,82979558
102900.0,0.00019428,2025-05-12 16:35:34,1747067734.0318863,buy,limit,82979559
102900.0,0.02385275,2025-05-12 16:35:34,1747067734.795593,buy,market,82979560
102846.3,0.00015557,2025-05-12 16:35:40,1747067740.531193,sell,limit,82979568
102899.9,0.001,2025-05-12 16:35:40,1747067740.531193,sell,limit,82979564
102846.3,7.778e-05,2025-05-12 16:35:40,1747067740.531193,sell,limit,82979567
102850.0,0.00375895,2025-05-12 16:35:40,1747067740.531193,sell,limit,82979566
102891.4,0.00971,2025-05-12 16:35:40,1747067740.531193,sell,limit,82979565
102843.4,0.02690475,2025-05-12 16:35:40,1747067740.531193,sell,limit,82979570
102843.5,9.723e-05,2025-05-12 16:35:40,1747067740.531193,sell,limit,82979569
102899.9,0.0001,2025-05-12 16:35:40,1747067740.531193,sell,limit,82979562
102899.9,0.05,2025-05-12 16:35:40,1747067740.531193,sell,limit,82979561
102899.9,0.0001,2025-05-12 16:35:40,1747067740.531193,sell,limit,82979563
102843.5,0.00097233,2025-05-12 16:35:58,1747067758.4868634,buy,limit,82979571
102843.5,0.00165757,2025-05-12 16:36:01,1747067761.2850013,buy,market,82979572
102843.5,0.07769295,2025-05-12 16:36:01,1747067761.9128952,buy,market,82979573
102843.5,0.000195,2025-05-12 16:36:01,1747067761.9945486,buy,market,82979574
102843.5,0.02,2025-05-12 16:36:03,1747067763.5522025,buy,limit,82979575
102856.2,0.000481,2025-05-12 16:36:07,1747067767.484708,buy,limit,82979576
102856.7,0.04161851,2025-05-12 16:36:07,1747067767.484708,buy,limit,82979578
102856.2,0.15213181,2025-05-12 16:36:07,1747067767.484708,buy,limit,82979577
102856.5,0.00017116,2025-05-12 16:36:24,1747067784.892197,sell,limit,82979579
102857.1,1.892e-05,2025-05-12 16:36:30,1747067790.1145315,buy,limit,82979580
102843.4,0.00255895,2025-05-12 16:36:33,1747067793.789694,sell,market,82979584
102857.0,0.0001,2025-05-12 16:36:33,1747067793.789694,sell,market,82979582
102857.0,0.001,2025-05-12 16:36:33,1747067793.789694,sell,market,82979583
102857.0,0.0001,2025-05-12 16:36:33,1747067793.789694,sell,market,82979581
102843.5,0.00072552,2025-05-12 16:36:40,1747067800.9213688,buy,market,82979585
102843.5,0.00194445,2025-05-12 16:36:42,1747067802.1447945,buy,limit,82979586
102843.4,0.00391695,2025-05-12 16:36:46,1747067806.6093862,sell,market,82979587
102843.4,0.0001,2025-05-12 16:36:50,1747067810.0070512,sell,market,82979589
102843.4,0.0001,2025-05-12 16:36:50,1747067810.0070512,sell,market,82979590
102843.4,0.001,2025-05-12 16:36:50,1747067810.0070512,sell,market,82979591
102843.4,0.00626576,2025-05-12 16:36:50,1747067810.0070512,sell,market,82979592
102843.4,0.0035241,2025-05-12 16:36:50,1747067810.0070512,sell,market,82979588
102843.5,0.00116682,2025-05-12 16:36:53,1747067813.5345738,buy,market,82979593
102843.5,0.01048324,2025-05-12 16:36:53,1747067813.987244,buy,limit,82979594
102843.5,0.00043966,2025-05-12 16:36:59,1747067819.476995,buy,limit,82979595
102843.4,0.00015466,2025-05-12 16:37:00,1747067820.0823905,sell,limit,82979596
102843.5,0.0007327,2025-05-12 16:37:01,1747067821.8719497,buy,market,82979597
102843.5,0.00512263,2025-05-12 16:37:03,1747067823.2807662,buy,limit,82979598
102843.4,0.001339,2025-05-12 16:37:04,1747067824.189964,sell,limit,82979599
102843.5,0.00029171,2025-05-12 16:37:04,1747067824.397132,buy,market,82979600
102843.5,0.00200924,2025-05-12 16:37:07,1747067827.4235802,buy,market,82979601
102843.4,0.01586329,2025-05-12 16:37:07,1747067827.8339539,sell,market,82979602
102843.4,0.0001,2025-05-12 16:37:07,1747067827.833954,sell,market,82979604
102800.0,0.06633894,2025-05-12 16:37:07,1747067827.833954,sell,market,82979619
102800.0,0.01545201,2025-05-12 16:37:07,1747067827.833954,sell,market,82979618
102803.5,0.00872491,2025-05-12 16:37:07,1747067827.833954,sell,market,82979617
102805.3,0.09595331,2025-05-12 16:37:07,1747067827.833954,sell,market,82979616
102818.4,0.019,2025-05-12 16:37:07,1747067827.833954,sell,market,82979614
102805.4,9.727e-05,2025-05-12 16:37:07,1747067827.833954,sell,market,82979615
102818.4,0.023,2025-05-12 16:37:07,1747067827.833954,sell,market,82979613
102818.4,0.00933558,2025-05-12 16:37:07,1747067827.833954,sell,market,82979612
102818.5,0.0286982,2025-05-12 16:37:07,1747067827.833954,sell,market,82979608
102818.4,5e-05,2025-05-12 16:37:07,1747067827.833954,sell,market,82979611
102818.4,0.00137492,2025-05-12 16:37:07,1747067827.833954,sell,market,82979610
102818.4,0.0002395,2025-05-12 16:37:07,1747067827.833954,sell,market,82979609
102821.0,0.05623432,2025-05-12 16:37:07,1747067827.833954,sell,market,82979606
102819.2,0.09595331,2025-05-12 16:37:07,1747067827.833954,sell,market,82979607
102843.4,0.001,2025-05-12 16:37:07,1747067827.833954,sell,market,82979605
102843.4,0.0001,2025-05-12 16:37:07,1747067827.833954,sell,market,82979603
102793.7,0.35119288,2025-05-12 16:37:07,1747067827.8339543,sell,market,82979624
102794.8,0.09595331,2025-05-12 16:37:07,1747067827.8339543,sell,market,82979623
102794.9,0.0339,2025-05-12 16:37:07,1747067827.8339543,sell,market,82979622
102797.0,0.00040666,2025-05-12 16:37:07,1747067827.8339543,sell,market,82979621
102798.6,0.231782,2025-05-12 16:37:07,1747067827.8339543,sell,market,82979620
102800.5,0.01223723,2025-05-12 16:37:07,1747067827.8819628,buy,limit,82979625
102794.3,9.728e-05,2025-05-12 16:37:07,1747067827.9705324,sell,market,82979626
102794.2,0.00029313,2025-05-12 16:37:07,1747067827.9705324,sell,market,82979627
102794.9,0.00485432,2025-05-12 16:37:11,1747067831.1020656,buy,limit,82979628
102794.9,0.00456294,2025-05-12 16:37:11,1747067831.41079,buy,limit,82979629
102794.9,0.00073368,2025-05-12 16:37:14,1747067834.370475,buy,limit,82979630
102797.3,0.00097279,2025-05-12 16:37:18,1747067838.6017423,buy,market,82979631
102799.4,0.00073657,2025-05-12 16:37:20,1747067840.9257762,buy,limit,82979632
102803.0,0.00901554,2025-05-12 16:37:25,1747067845.1108465,buy,limit,82979633
102803.0,0.001,2025-05-12 16:37:33,1747067853.286705,sell,market,82979634
102803.0,0.0001,2025-05-12 16:37:33,1747067853.286705,sell,market,82979635
102803.0,0.000781,2025-05-12 16:37:33,1747067853.286705,sell,market,82979637
102803.0,0.0001,2025-05-12 16:37:33,1747067853.286705,sell,market,82979636
102803.0,8.745e-05,2025-05-12 16:37:36,1747067856.9347525,sell,market,82979638
102803.1,0.00367703,2025-05-12 16:37:40,1747067860.5110512,buy,market,82979639
102803.1,7.532e-05,2025-05-12 16:37:51,1747067871.739784,buy,limit,82979640
102803.0,0.00340457,2025-05-12 16:37:54,1747067874.8919399,sell,market,82979641
102803.1,0.00241959,2025-05-12 16:38:01,1747067881.105127,buy,market,82979642
102803.0,0.00128713,2025-05-12 16:38:02,1747067882.1943662,sell,limit,82979643
102803.1,8.98e-05,2025-05-12 16:38:03,1747067883.7438295,buy,limit,82979644
102803.0,0.00080582,2025-05-12 16:38:05,1747067885.8700402,sell,market,82979645
102803.1,0.00147369,2025-05-12 16:38:20,1747067900.8775454,buy,market,82979646
102803.1,0.0023036,2025-05-12 16:38:26,1747067906.5675538,buy,limit,82979647
102803.1,0.00096097,2025-05-12 16:38:30,1747067910.6580498,buy,limit,82979648
102803.1,0.01740748,2025-05-12 16:38:30,1747067910.6580498,buy,limit,82979649
102803.1,0.00559252,2025-05-12 16:38:41,1747067921.0024934,buy,limit,82979650
102803.1,0.00060052,2025-05-12 16:38:41,1747067921.0024934,buy,limit,82979651
102817.8,0.01292703,2025-05-12 16:38:41,1747067921.0024934,buy,limit,82979652
102817.8,0.0009,2025-05-12 16:38:48,1747067928.5140564,buy,market,82979653
102817.8,0.00077297,2025-05-12 16:38:48,1747067928.8612041,buy,limit,82979654
102819.0,1.04e-06,2025-05-12 16:38:48,1747067928.8612041,buy,limit,82979655
102819.0,0.00061137,2025-05-12 16:39:01,1747067941.3345187,buy,market,82979656
102819.0,5.3e-05,2025-05-12 16:39:12,1747067952.1677082,buy,limit,82979657
102818.9,0.0001,2025-05-12 16:39:12,1747067952.1922207,sell,limit,82979658
102818.9,0.000532,2025-05-12 16:39:12,1747067952.1922207,sell,limit,82979659
102819.0,0.0012391,2025-05-12 16:39:20,1747067960.925003,buy,limit,82979660
102819.0,0.00027156,2025-05-12 16:39:22,1747067962.4577675,buy,limit,82979661
102818.9,0.0001,2025-05-12 16:39:29,1747067969.6397874,sell,limit,82979662
102818.9,0.0001,2025-05-12 16:39:29,1747067969.6397874,sell,limit,82979663
102807.7,9.726e-05,2025-05-12 16:39:29,1747067969.6397877,sell,limit,82979665
102818.9,0.001,2025-05-12 16:39:29,1747067969.6397877,sell,limit,82979664
102807.6,0.00349774,2025-05-12 16:39:29,1747067969.6397877,sell,limit,82979666
102807.6,0.00349774,2025-05-12 16:39:29,1747067969.6397877,sell,limit,82979666
102807.6,0.00320025,2025-05-12 16:39:33,1747067973.7106001,buy,market,82979667
